STCODE,FORMAT,SITECODE,WATERYEAR,MEAN_Q,MAX_Q,MIN_Q,MEAN_Q_AREA,TOTAL_Q_AREA,ESTCODE,ESTDAYS,TOTAL_DAYS
HF004,4,"GSLOOK",1950,159.000,1981.000,11.000,6.610,89.680,A,0,365
HF004,4,"GSLOOK",1951,160.000,1802.000,9.000,6.660,90.360,A,0,365
HF004,4,"GSLOOK",1952,136.000,1324.000,12.000,5.670,77.140,A,6,366
HF004,4,"GSLOOK",1953,143.000,3621.000,6.000,5.950,80.720,E,12,365
HF004,4,"GSLOOK",1954,134.000,2491.000,13.000,5.570,75.590,A,3,365
HF004,4,"GSLOOK",1955,109.000,1150.000,14.000,4.530,61.530,A,6,365
HF004,4,"GSLOOK",1956,172.000,2546.000,8.000,7.140,97.120,A,0,366
HF004,4,"GSLOOK",1957,119.000,2470.000,15.000,4.930,66.910,A,0,365
HF004,4,"GSLOOK",1958,135.000,2948.000,13.000,5.620,76.270,A,0,365
HF004,4,"GSLOOK",1959,109.000,1252.000,12.000,4.530,61.470,A,0,365
HF004,4,"GSLOOK",1960,117.000,759.000,11.000,4.840,65.810,A,0,366
HF004,4,"GSLOOK",1961,129.000,2328.000,10.000,5.360,72.820,A,0,365
HF004,4,"GSLOOK",1962,113.000,1919.000,10.000,4.700,63.810,A,8,365
HF004,4,"GSLOOK",1963,124.000,1430.000,10.000,5.140,69.790,E,70,365
HF004,4,"GSLOOK",1964,122.000,1381.000,10.000,5.060,68.910,A,8,366
HF004,4,"GSLOOK",1965,156.000,6665.000,8.000,6.470,87.810,E,10,365
HF004,4,"GSLOOK",1966,89.000,1143.000,7.000,3.700,50.150,A,0,365
HF004,4,"GSLOOK",1967,111.000,1557.000,6.600,4.590,62.330,E,28,365
HF004,4,"GSLOOK",1968,100.000,1959.000,11.000,4.170,56.730,A,0,366
HF004,4,"GSLOOK",1969,147.000,2162.000,12.000,6.110,82.890,A,0,365
HF004,4,"GSLOOK",1970,115.000,1922.000,8.700,4.780,64.850,A,0,365
HF004,4,"GSLOOK",1971,161.000,2357.000,8.700,6.690,90.690,A,0,365
HF004,4,"GSLOOK",1972,182.000,4183.000,11.000,7.530,102.490,E,11,366
HF004,4,"GSLOOK",1973,69.000,823.000,8.000,2.870,38.980,A,3,365
HF004,4,"GSLOOK",1974,176.000,1313.000,8.000,7.310,99.190,A,4,365
HF004,4,"GSLOOK",1975,132.000,1323.000,7.000,5.490,74.510,E,12,365
HF004,4,"GSLOOK",1976,143.000,1630.000,9.800,5.940,80.770,E,16,366
HF004,4,"GSLOOK",1977,49.000,293.000,8.600,2.040,27.730,E,68,365
HF004,4,"GSLOOK",1978,131.000,3051.000,11.000,5.430,73.660,E,12,365
HF004,4,"GSLOOK",1979,95.000,1159.000,9.000,3.940,53.410,A,0,365
HF004,4,"GSLOOK",1980,99.000,1562.000,7.000,4.100,55.810,E,92,366
HF004,4,"GSLOOK",1981,100.000,2222.000,5.000,4.170,56.510,A,0,365
HF004,4,"GSLOOK",1982,151.000,1751.000,8.000,6.280,85.280,E,51,365
HF004,4,"GSLOOK",1983,140.000,1472.000,11.000,5.800,78.660,A,2,365
HF004,4,"GSLOOK",1984,142.000,2100.000,9.000,5.910,80.420,A,0,366
HF004,4,"GSLOOK",1985,108.000,1127.000,7.900,4.490,60.970,E,71,365
HF004,4,"GSLOOK",1986,115.000,2700.000,8.900,4.790,65.000,E,40,365
HF004,4,"GSLOOK",1987,85.000,970.000,6.000,3.540,48.070,E,12,365
HF004,4,"GSLOOK",1988,92.000,1090.000,5.000,3.810,51.770,E,10,366
HF004,4,"GSLOOK",1989,115.000,1680.000,8.100,4.770,64.750,A,1,365
HF004,4,"GSLOOK",1990,101.000,1960.000,9.300,4.180,56.760,A,0,365
HF004,4,"GSLOOK",1991,102.000,1010.000,9.500,4.240,57.460,E,121,365
HF004,4,"GSLOOK",1992,71.000,1110.000,6.500,2.950,40.110,A,0,366
HF004,4,"GSLOOK",1993,134.000,1220.000,6.300,5.570,75.550,A,0,365
HF004,4,"GSLOOK",1994,69.000,827.000,7.300,2.870,38.880,A,0,365
HF004,4,"GSLOOK",1995,125.000,1770.000,8.000,5.200,70.560,A,8,365
HF004,4,"GSLOOK",1996,193.000,8000.000,9.200,8.010,108.940,A,2,366
HF004,4,"GSLOOK",1997,207.000,2980.000,9.200,8.590,116.590,A,0,365
HF004,4,"GSLOOK",1998,120.000,1470.000,7.400,4.980,67.600,E,36,365
HF004,4,"GSLOOK",1999,158.000,3380.000,7.800,6.580,89.220,A,5,365
HF004,4,"GSLOOK",2000,122.000,3180.000,9.400,5.070,69.040,E,13,366
HF004,4,"GSLOOK",2001,53.000,377.000,7.000,2.210,30.040,A,0,365
HF004,4,"GSLOOK",2002,121.000,1830.000,7.000,5.030,68.280,A,0,365
HF004,4,"GSLOOK",2003,105.000,1420.000,8.000,4.340,58.900,A,5,365
HF004,4,"GSLOOK",2004,113.000,2040.000,8.200,4.670,63.540,E,33,366
HF004,4,"GSLOOK",2005,76.000,1250.000,11.000,3.130,42.540,A,0,365
HF004,4,"GSLOOK",2006,131.000,3060.000,7.800,5.430,73.730,A,2,365
HF004,4,"GSLOOK",2007,111.000,2240.000,7.100,4.610,62.590,A,2,365
HF004,4,"GSLOOK",2008,145.000,1130.000,12.000,6.000,81.610,A,0,366
HF004,4,"GSLOOK",2009,118.000,2800.000,8.500,4.890,66.350,A,0,365
HF004,4,"GSLOOK",2010,100.000,925.000,9.100,4.150,56.370,A,5,365
HF004,4,"GSLOOK",2011,150.000,4600.000,11.000,6.240,84.700,A,0,365
HF004,4,"GSLOOK",2012,147.000,2430.000,11.000,6.120,83.260,A,4,366
HF004,4,"GSLOOK",2013,114.000,2530.000,9.500,4.740,64.290,A,0,365
HF004,4,"GSWS01",1953,1.638,40.139,0.029,4.423,60.036,E,23,365
HF004,4,"GSWS01",1954,1.541,40.639,0.037,4.161,56.483,A,0,365
HF004,4,"GSWS01",1955,1.213,39.203,0.033,3.276,44.474,E,33,365
HF004,4,"GSWS01",1956,2.133,36.129,0.037,5.761,78.408,E,49,366
HF004,4,"GSWS01",1957,1.276,55.786,0.033,3.445,46.761,E,14,365
HF004,4,"GSWS01",1958,1.520,55.037,0.030,4.105,55.714,A,8,365
HF004,4,"GSWS01",1959,1.196,31.081,0.033,3.231,43.863,A,5,365
HF004,4,"GSWS01",1960,1.275,13.544,0.037,3.444,46.892,A,7,366
HF004,4,"GSWS01",1961,1.526,41.846,0.037,4.122,55.944,A,0,365
HF004,4,"GSWS01",1962,1.353,42.629,0.037,3.654,49.598,E,11,365
HF004,4,"GSWS01",1963,1.230,23.645,0.079,3.322,45.088,E,16,365
HF004,4,"GSWS01",1964,1.609,38.910,0.084,4.344,59.126,A,1,366
HF004,4,"GSWS01",1965,2.051,61.168,0.079,5.538,75.165,A,0,365
HF004,4,"GSWS01",1966,1.357,40.300,0.052,3.663,49.719,E,10,365
HF004,4,"GSWS01",1967,1.503,26.974,0.030,4.060,55.107,A,0,365
HF004,4,"GSWS01",1968,1.327,28.560,0.079,3.584,48.784,A,0,366
HF004,4,"GSWS01",1969,1.940,43.222,0.061,5.238,71.104,A,0,365
HF004,4,"GSWS01",1970,1.503,28.560,0.010,4.060,55.101,A,0,365
HF004,4,"GSWS01",1971,1.923,47.831,0.027,5.194,70.499,A,0,365
HF004,4,"GSWS01",1972,2.353,56.162,0.018,6.353,86.478,E,14,366
HF004,4,"GSWS01",1973,0.941,20.811,0.006,2.542,34.510,E,10,365
HF004,4,"GSWS01",1974,2.416,33.884,0.015,6.524,88.562,A,2,365
HF004,4,"GSWS01",1975,1.687,37.359,0.015,4.555,61.836,A,8,365
HF004,4,"GSWS01",1976,1.802,52.239,0.015,4.865,66.228,E,57,366
HF004,4,"GSWS01",1977,0.548,7.747,0.005,1.480,20.098,E,33,365
HF004,4,"GSWS01",1978,1.589,38.223,0.018,4.292,58.263,A,6,365
HF004,4,"GSWS01",1979,1.299,38.410,0.008,3.509,47.625,E,10,365
HF004,4,"GSWS01",1980,1.246,37.852,0.015,3.365,45.810,A,5,366
HF004,4,"GSWS01",1981,1.281,32.553,0.000,3.459,46.957,A,0,365
HF004,4,"GSWS01",1982,1.908,40.364,0.000,5.153,69.945,A,0,365
HF004,4,"GSWS01",1983,1.685,26.198,0.037,4.551,61.771,A,4,365
HF004,4,"GSWS01",1984,1.872,43.752,0.030,5.057,68.836,A,0,366
HF004,4,"GSWS01",1985,1.302,18.760,0.006,3.517,47.731,A,0,365
HF004,4,"GSWS01",1986,1.491,50.011,0.013,4.027,54.672,E,19,365
HF004,4,"GSWS01",1987,1.078,25.333,0.003,2.912,39.525,A,6,365
HF004,4,"GSWS01",1988,1.146,30.635,0.003,3.094,42.114,E,16,366
HF004,4,"GSWS01",1989,1.513,56.918,0.015,4.087,55.478,A,9,365
HF004,4,"GSWS01",1990,1.174,39.539,0.021,3.171,43.035,A,6,365
HF004,4,"GSWS01",1991,1.247,18.891,0.008,3.368,45.716,E,16,365
HF004,4,"GSWS01",1992,0.914,21.642,0.001,2.468,33.597,A,0,366
HF004,4,"GSWS01",1993,1.658,20.948,0.021,4.477,60.765,A,0,365
HF004,4,"GSWS01",1994,0.727,21.086,0.003,1.963,26.639,A,4,365
HF004,4,"GSWS01",1995,1.450,41.456,0.010,3.916,53.149,A,4,365
HF004,4,"GSWS01",1996,2.191,84.268,0.021,5.918,80.559,A,0,366
HF004,4,"GSWS01",1997,2.179,49.869,0.015,5.885,79.879,A,3,365
HF004,4,"GSWS01",1998,1.272,25.131,0.018,3.435,46.615,E,12,365
HF004,4,"GSWS01",1999,1.988,53.041,0.007,5.369,72.884,E,72,365
HF004,4,"GSWS01",2000,1.608,43.024,0.011,4.344,59.117,A,1,366
HF004,4,"GSWS01",2001,0.560,8.382,0.007,1.513,20.535,A,5,365
HF004,4,"GSWS01",2002,1.489,39.919,0.001,4.021,54.581,A,1,365
HF004,4,"GSWS01",2003,1.270,31.249,0.001,3.430,46.556,A,1,365
HF004,4,"GSWS01",2004,1.368,32.096,0.010,3.693,50.259,A,2,366
HF004,4,"GSWS01",2005,0.847,18.329,0.010,2.289,31.065,A,1,365
HF004,4,"GSWS01",2006,1.550,51.876,0.007,4.185,56.816,A,1,365
HF004,4,"GSWS01",2007,1.318,27.236,0.008,3.559,48.301,A,0,365
HF004,4,"GSWS01",2008,1.630,24.234,0.010,4.401,59.904,A,0,366
HF004,4,"GSWS01",2009,1.332,47.415,0.012,3.596,48.818,A,0,365
HF004,4,"GSWS01",2010,1.163,21.456,0.021,3.140,42.616,A,0,365
HF004,4,"GSWS01",2011,1.709,41.781,0.016,4.616,62.655,A,1,365
HF004,4,"GSWS01",2012,1.557,46.314,0.014,4.205,57.245,A,6,366
HF004,4,"GSWS01",2013,1.288,28.721,0.018,3.479,47.236,A,1,365
HF004,4,"GSWS01",2014,1.357,42.106,0.013,3.664,49.732,A,1,365
HF004,4,"GSWS01",2015,0.996,45.905,0.005,2.690,36.513,A,3,365
HF004,4,"GSWS02",1953,1.025,26.951,0.022,4.403,59.759,E,41,365
HF004,4,"GSWS02",1954,1.056,18.609,0.040,4.534,61.544,E,10,365
HF004,4,"GSWS02",1955,0.791,13.571,0.015,3.396,46.091,A,0,365
HF004,4,"GSWS02",1956,1.476,19.880,0.020,6.339,86.287,E,22,366
HF004,4,"GSWS02",1957,0.948,24.297,0.018,4.071,55.252,A,0,365
HF004,4,"GSWS02",1958,1.112,27.374,0.024,4.778,64.858,E,26,365
HF004,4,"GSWS02",1959,0.882,13.873,0.005,3.790,51.450,A,2,365
HF004,4,"GSWS02",1960,0.922,6.975,0.048,3.958,53.880,A,0,366
HF004,4,"GSWS02",1961,1.115,21.822,0.027,4.787,64.981,A,8,365
HF004,4,"GSWS02",1962,0.907,20.902,0.022,3.894,52.860,E,13,365
HF004,4,"GSWS02",1963,0.777,10.228,0.022,3.337,45.299,A,2,365
HF004,4,"GSWS02",1964,0.891,7.819,0.018,3.826,52.081,A,0,366
HF004,4,"GSWS02",1965,1.061,35.027,0.008,4.556,61.849,E,25,365
HF004,4,"GSWS02",1966,0.615,10.847,0.002,2.642,35.871,E,30,365
HF004,4,"GSWS02",1967,0.731,12.716,0.001,3.141,42.639,A,0,365
HF004,4,"GSWS02",1968,0.615,12.077,0.022,2.641,35.956,A,0,366
HF004,4,"GSWS02",1969,1.101,19.240,0.057,4.729,64.195,A,0,365
HF004,4,"GSWS02",1970,0.827,14.940,0.020,3.553,48.234,A,0,365
HF004,4,"GSWS02",1971,1.066,19.399,0.013,4.579,62.158,A,0,365
HF004,4,"GSWS02",1972,1.358,26.904,0.018,5.831,79.375,E,50,366
HF004,4,"GSWS02",1973,0.492,6.721,0.012,2.113,28.676,A,0,365
HF004,4,"GSWS02",1974,1.438,9.797,0.027,6.178,83.856,A,0,365
HF004,4,"GSWS02",1975,1.021,14.800,0.020,4.385,59.515,A,0,365
HF004,4,"GSWS02",1976,1.088,25.288,0.020,4.675,63.632,E,15,366
HF004,4,"GSWS02",1977,0.250,3.297,0.013,1.073,14.561,E,14,365
HF004,4,"GSWS02",1978,0.960,19.399,0.045,4.123,55.979,A,0,365
HF004,4,"GSWS02",1979,0.779,12.813,0.027,3.345,45.411,E,14,365
HF004,4,"GSWS02",1980,0.722,16.412,0.024,3.101,42.210,E,28,366
HF004,4,"GSWS02",1981,0.743,16.485,0.037,3.191,43.316,E,13,365
HF004,4,"GSWS02",1982,1.200,19.840,0.010,5.156,69.989,A,6,365
HF004,4,"GSWS02",1983,0.968,11.179,0.018,4.159,56.462,A,0,365
HF004,4,"GSWS02",1984,1.064,21.360,0.020,4.571,62.225,A,0,366
HF004,4,"GSWS02",1985,0.765,6.663,0.027,3.287,44.618,A,5,365
HF004,4,"GSWS02",1986,0.839,25.106,0.012,3.603,48.905,A,0,365
HF004,4,"GSWS02",1987,0.599,9.402,0.005,2.571,34.908,A,0,365
HF004,4,"GSWS02",1988,0.632,12.077,0.000,2.715,36.947,E,29,366
HF004,4,"GSWS02",1989,0.916,21.907,0.004,3.935,53.408,A,0,365
HF004,4,"GSWS02",1990,0.662,13.074,0.004,2.843,38.594,A,0,365
HF004,4,"GSWS02",1991,0.653,6.644,0.012,2.805,38.066,A,9,365
HF004,4,"GSWS02",1992,0.515,8.961,0.008,2.210,30.088,A,0,366
HF004,4,"GSWS02",1993,0.973,9.071,0.004,4.181,56.758,E,45,365
HF004,4,"GSWS02",1994,0.431,7.453,0.015,1.850,25.119,A,2,365
HF004,4,"GSWS02",1995,0.872,17.836,0.022,3.744,50.828,E,62,365
HF004,4,"GSWS02",1996,1.370,45.962,0.054,5.883,80.069,E,33,366
HF004,4,"GSWS02",1997,1.413,22.719,0.034,6.069,82.377,A,0,365
HF004,4,"GSWS02",1998,0.793,8.085,0.037,3.407,46.245,A,0,365
HF004,4,"GSWS02",1999,1.244,28.424,0.042,5.343,72.530,A,0,365
HF004,4,"GSWS02",2000,1.025,24.031,0.034,4.401,59.918,A,3,366
HF004,4,"GSWS02",2001,0.323,4.056,0.027,1.388,18.852,A,6,365
HF004,4,"GSWS02",2002,0.946,17.116,0.032,4.063,55.150,A,0,365
HF004,4,"GSWS02",2003,0.785,11.982,0.008,3.370,45.739,A,0,365
HF004,4,"GSWS02",2004,0.853,16.818,0.018,3.662,49.856,E,76,366
HF004,4,"GSWS02",2005,0.505,7.074,0.037,2.170,29.450,A,9,365
HF004,4,"GSWS02",2006,0.976,25.561,0.022,4.192,56.908,A,9,365
HF004,4,"GSWS02",2007,0.846,12.458,0.018,3.634,49.333,A,8,365
HF004,4,"GSWS02",2008,1.046,9.319,0.024,4.492,61.140,E,10,366
HF004,4,"GSWS02",2009,0.829,19.639,0.022,3.561,48.340,A,9,365
HF004,4,"GSWS02",2010,0.721,8.163,0.029,3.098,42.056,A,7,365
HF004,4,"GSWS02",2011,1.058,21.193,0.046,4.545,61.692,A,8,365
HF004,4,"GSWS02",2012,0.982,20.449,0.032,4.217,57.413,E,13,366
HF004,4,"GSWS02",2013,0.790,14.077,0.040,3.394,46.079,E,10,365
HF004,4,"GSWS02",2014,0.829,17.418,0.024,3.559,48.311,E,16,365
HF004,4,"GSWS02",2015,0.584,19.359,0.022,2.509,34.064,E,19,365
HF004,4,"GSWS03",1953,1.672,41.359,0.030,4.280,58.119,E,47,365
HF004,4,"GSWS03",1954,1.620,29.428,0.034,4.148,56.310,A,0,365
HF004,4,"GSWS03",1955,1.219,23.108,0.077,3.121,42.368,E,18,365
HF004,4,"GSWS03",1956,2.213,29.873,0.111,5.664,77.106,A,0,366
HF004,4,"GSWS03",1957,1.499,36.622,0.111,3.837,52.097,A,0,365
HF004,4,"GSWS03",1958,1.760,43.930,0.067,4.506,61.166,A,0,365
HF004,4,"GSWS03",1959,1.271,20.396,0.063,3.253,44.163,A,0,365
HF004,4,"GSWS03",1960,1.363,12.849,0.096,3.490,47.503,A,0,366
HF004,4,"GSWS03",1961,1.634,30.774,0.111,4.183,56.777,A,4,365
HF004,4,"GSWS03",1962,1.410,41.307,0.081,3.609,48.983,A,6,365
HF004,4,"GSWS03",1963,1.307,18.086,0.106,3.346,45.410,A,8,365
HF004,4,"GSWS03",1964,1.483,20.585,0.096,3.795,51.658,A,0,366
HF004,4,"GSWS03",1965,1.847,66.346,0.072,4.729,64.189,E,66,365
HF004,4,"GSWS03",1966,1.216,22.969,0.052,3.114,42.255,E,54,365
HF004,4,"GSWS03",1967,1.303,21.811,0.063,3.335,45.270,A,0,365
HF004,4,"GSWS03",1968,1.157,22.672,0.127,2.963,40.326,A,0,366
HF004,4,"GSWS03",1969,1.760,30.864,0.143,4.507,61.179,A,0,365
HF004,4,"GSWS03",1970,1.439,24.973,0.106,3.684,50.008,A,0,365
HF004,4,"GSWS03",1971,1.785,32.517,0.101,4.570,62.025,A,0,365
HF004,4,"GSWS03",1972,2.252,47.890,0.127,5.764,78.454,E,26,366
HF004,4,"GSWS03",1973,0.897,13.530,0.122,2.295,31.157,A,1,365
HF004,4,"GSWS03",1974,2.316,18.193,0.116,5.929,80.478,A,0,365
HF004,4,"GSWS03",1975,1.589,22.083,0.063,4.069,55.234,A,0,365
HF004,4,"GSWS03",1976,1.733,36.231,0.063,4.436,60.384,E,39,366
HF004,4,"GSWS03",1977,0.484,5.750,0.058,1.238,16.803,A,9,365
HF004,4,"GSWS03",1978,1.535,32.564,0.096,3.929,53.331,A,0,365
HF004,4,"GSWS03",1979,1.187,25.972,0.058,3.039,41.254,A,4,365
HF004,4,"GSWS03",1980,1.100,23.871,0.054,2.816,38.341,A,2,366
HF004,4,"GSWS03",1981,1.220,27.374,0.067,3.124,42.410,A,0,365
HF004,4,"GSWS03",1982,1.869,34.209,0.063,4.785,64.952,A,0,365
HF004,4,"GSWS03",1983,1.573,18.589,0.077,4.026,54.645,A,0,365
HF004,4,"GSWS03",1984,1.718,32.657,0.072,4.397,59.860,A,0,366
HF004,4,"GSWS03",1985,1.249,13.188,0.072,3.197,43.398,A,0,365
HF004,4,"GSWS03",1986,1.366,37.015,0.091,3.497,47.468,A,0,365
HF004,4,"GSWS03",1987,1.012,18.589,0.067,2.591,35.170,A,0,365
HF004,4,"GSWS03",1988,1.033,19.760,0.058,2.645,36.002,E,14,366
HF004,4,"GSWS03",1989,1.444,38.356,0.116,3.697,50.188,A,0,365
HF004,4,"GSWS03",1990,1.135,22.711,0.091,2.905,39.438,E,30,365
HF004,4,"GSWS03",1991,1.058,11.947,0.077,2.710,36.793,E,51,365
HF004,4,"GSWS03",1992,0.913,14.939,0.063,2.337,31.805,A,0,366
HF004,4,"GSWS03",1993,1.532,16.308,0.091,3.923,53.246,A,0,365
HF004,4,"GSWS03",1994,0.754,15.268,0.096,1.929,26.192,A,0,365
HF004,4,"GSWS03",1995,1.439,27.762,0.101,3.684,50.003,A,3,365
HF004,4,"GSWS03",1996,3.491,56.505,0.086,8.938,49.527,M,9,149
HF004,4,"GSWS03",1997,2.167,41.930,0.106,5.549,75.316,E,24,365
HF004,4,"GSWS03",1998,1.201,16.857,0.081,3.075,41.734,E,99,365
HF004,4,"GSWS03",1999,2.140,50.464,0.068,5.480,74.391,A,0,365
HF004,4,"GSWS03",2000,1.622,37.906,0.062,4.154,56.536,A,0,366
HF004,4,"GSWS03",2001,0.598,7.834,0.065,1.532,20.782,A,0,365
HF004,4,"GSWS03",2002,1.568,28.458,0.057,4.014,54.493,A,1,365
HF004,4,"GSWS03",2003,1.348,20.171,0.046,3.451,46.845,A,0,365
HF004,4,"GSWS03",2004,1.461,24.767,0.058,3.740,50.908,A,0,366
HF004,4,"GSWS03",2005,0.903,11.947,0.000,2.311,31.368,A,0,365
HF004,4,"GSWS03",2006,1.699,42.609,0.046,4.349,59.041,A,0,365
HF004,4,"GSWS03",2007,1.420,26.056,0.042,3.634,49.326,A,1,365
HF004,4,"GSWS03",2008,1.641,16.104,0.068,4.200,57.183,A,0,366
HF004,4,"GSWS03",2009,1.445,37.311,0.070,3.700,50.231,A,0,365
HF004,4,"GSWS03",2010,1.246,16.926,0.086,3.189,43.294,Q,0,365
HF004,4,"GSWS03",2011,1.815,33.030,0.085,4.645,63.049,A,0,365
HF004,4,"GSWS03",2012,1.653,30.412,0.084,4.233,57.611,A,3,366
HF004,4,"GSWS03",2013,1.308,24.032,0.082,3.349,45.451,A,1,365
HF004,4,"GSWS03",2014,1.397,26.818,0.070,3.578,48.563,A,1,365
HF004,4,"GSWS03",2015,1.003,28.022,0.053,2.569,34.866,A,0,365
HF004,4,"GSWS06",1964,0.190,1.339,0.004,3.807,51.812,E,11,366
HF004,4,"GSWS06",1965,0.247,10.080,0.002,4.938,67.029,E,79,365
HF004,4,"GSWS06",1966,0.151,1.618,0.001,3.020,40.995,E,21,365
HF004,4,"GSWS06",1967,0.170,2.398,0.001,3.391,46.027,A,0,365
HF004,4,"GSWS06",1968,0.159,2.826,0.009,3.188,43.396,A,2,366
HF004,4,"GSWS06",1969,0.252,3.463,0.007,5.037,68.372,E,28,365
HF004,4,"GSWS06",1970,0.182,2.761,0.003,3.636,49.361,A,0,365
HF004,4,"GSWS06",1971,0.282,4.360,0.002,5.636,76.505,A,0,365
HF004,4,"GSWS06",1972,0.334,8.139,0.003,6.671,90.810,A,0,366
HF004,4,"GSWS06",1973,0.104,1.535,0.002,2.079,28.211,A,7,365
HF004,4,"GSWS06",1974,0.378,4.954,0.004,7.560,102.626,E,46,365
HF004,4,"GSWS06",1975,0.284,3.036,0.007,5.678,77.074,A,0,365
HF004,4,"GSWS06",1976,0.302,3.397,0.013,6.031,82.091,A,2,366
HF004,4,"GSWS06",1977,0.105,1.084,0.008,2.109,28.629,A,0,365
HF004,4,"GSWS06",1978,0.278,8.989,0.015,5.564,75.530,E,40,365
HF004,4,"GSWS06",1979,0.213,2.078,0.007,4.255,57.764,E,29,365
HF004,4,"GSWS06",1980,0.209,4.360,0.006,4.184,56.955,A,2,366
HF004,4,"GSWS06",1981,0.230,5.591,0.006,4.596,62.381,A,9,365
HF004,4,"GSWS06",1982,0.323,4.770,0.009,6.461,87.705,E,48,365
HF004,4,"GSWS06",1983,0.298,4.375,0.013,5.958,80.874,A,0,365
HF004,4,"GSWS06",1984,0.295,4.014,0.007,5.894,80.230,A,6,366
HF004,4,"GSWS06",1985,0.224,1.766,0.004,4.477,60.774,E,44,365
HF004,4,"GSWS06",1986,0.217,7.337,0.004,4.340,58.924,A,0,365
HF004,4,"GSWS06",1987,0.172,2.529,0.004,3.449,46.817,A,0,365
HF004,4,"GSWS06",1988,0.192,2.372,0.003,3.834,52.192,E,21,366
HF004,4,"GSWS06",1989,0.245,2.727,0.005,4.896,66.468,A,8,365
HF004,4,"GSWS06",1990,0.203,3.358,0.006,4.066,55.196,E,12,365
HF004,4,"GSWS06",1991,0.199,2.832,0.005,3.982,54.048,E,18,365
HF004,4,"GSWS06",1992,0.144,1.838,0.003,2.888,39.311,A,8,366
HF004,4,"GSWS06",1993,0.271,3.116,0.002,5.412,73.461,A,1,365
HF004,4,"GSWS06",1994,0.116,1.208,0.003,2.330,31.619,A,8,365
HF004,4,"GSWS06",1995,0.250,4.079,0.004,5.004,67.943,A,0,365
HF004,4,"GSWS06",1996,0.351,10.019,0.005,7.027,95.645,A,6,366
HF004,4,"GSWS06",1997,0.355,5.167,0.004,7.093,96.280,E,28,365
HF004,4,"GSWS06",1998,0.204,2.673,0.003,4.082,55.404,E,31,365
HF004,4,"GSWS06",1999,0.306,4.001,0.002,6.125,83.138,A,0,365
HF004,4,"GSWS06",2000,0.226,2.960,0.001,4.518,61.499,A,6,366
HF004,4,"GSWS06",2001,0.078,0.433,0.001,1.566,21.248,A,0,365
HF004,4,"GSWS06",2002,0.237,2.738,0.000,4.731,64.223,A,0,365
HF004,4,"GSWS06",2003,0.180,1.939,0.000,3.597,48.823,A,0,365
HF004,4,"GSWS06",2004,0.180,2.863,0.002,3.610,49.139,A,0,366
HF004,4,"GSWS06",2005,0.116,1.291,0.003,2.311,31.370,A,0,365
HF004,4,"GSWS06",2006,0.230,4.157,0.001,4.599,62.436,A,2,365
HF004,4,"GSWS06",2007,0.198,3.683,0.000,3.961,53.764,A,6,365
HF004,4,"GSWS06",2008,0.251,1.602,0.001,5.015,68.259,A,3,366
HF004,4,"GSWS06",2009,0.188,3.197,0.000,3.755,50.975,A,0,365
HF004,4,"GSWS06",2010,0.178,1.607,0.001,3.567,48.423,A,2,365
HF004,4,"GSWS06",2011,0.252,3.751,0.001,5.039,68.409,A,0,365
HF004,4,"GSWS06",2012,0.241,3.595,0.001,4.825,65.688,A,0,366
HF004,4,"GSWS06",2013,0.190,3.456,0.001,3.800,51.573,A,2,365
HF004,4,"GSWS06",2014,0.204,2.881,0.000,4.084,55.440,A,1,365
HF004,4,"GSWS06",2015,0.127,3.242,0.000,2.536,34.429,E,10,365
HF004,4,"GSWS07",1964,0.163,1.110,0.007,2.748,37.404,E,15,366
HF004,4,"GSWS07",1965,0.215,11.738,0.006,3.619,49.138,E,44,365
HF004,4,"GSWS07",1966,0.117,1.353,0.004,1.977,26.831,E,18,365
HF004,4,"GSWS07",1967,0.141,2.147,0.003,2.379,32.289,A,0,365
HF004,4,"GSWS07",1968,0.123,2.180,0.009,2.074,28.226,A,2,366
HF004,4,"GSWS07",1969,0.208,3.173,0.009,3.504,47.556,A,0,365
HF004,4,"GSWS07",1970,0.153,2.382,0.006,2.581,35.029,A,0,365
HF004,4,"GSWS07",1971,0.225,3.443,0.005,3.782,51.333,A,0,365
HF004,4,"GSWS07",1972,0.278,6.831,0.007,4.689,63.824,A,0,366
HF004,4,"GSWS07",1973,0.095,1.535,0.008,1.608,21.831,A,0,365
HF004,4,"GSWS07",1974,0.295,3.590,0.006,4.970,67.460,E,16,365
HF004,4,"GSWS07",1975,0.217,2.261,0.008,3.660,49.679,A,5,365
HF004,4,"GSWS07",1976,0.243,3.637,0.010,4.099,55.803,E,10,366
HF004,4,"GSWS07",1977,0.082,0.944,0.009,1.389,18.854,A,9,365
HF004,4,"GSWS07",1978,0.220,7.216,0.013,3.711,50.369,E,35,365
HF004,4,"GSWS07",1979,0.158,2.308,0.007,2.665,36.179,A,2,365
HF004,4,"GSWS07",1980,0.149,3.135,0.006,2.504,34.088,E,22,366
HF004,4,"GSWS07",1981,0.172,4.628,0.006,2.902,39.390,E,12,365
HF004,4,"GSWS07",1982,0.241,3.781,0.006,4.054,55.028,E,43,365
HF004,4,"GSWS07",1983,0.218,3.536,0.010,3.672,49.841,A,0,365
HF004,4,"GSWS07",1984,0.222,3.664,0.008,3.733,50.805,A,0,366
HF004,4,"GSWS07",1985,0.192,2.969,0.010,3.235,43.919,A,0,365
HF004,4,"GSWS07",1986,0.183,5.854,0.007,3.088,41.921,A,2,365
HF004,4,"GSWS07",1987,0.144,2.218,0.007,2.431,32.994,E,24,365
HF004,4,"GSWS07",1988,,,,,,M,0,0
HF004,4,"GSWS07",1989,,,,,,M,0,0
HF004,4,"GSWS07",1990,,,,,,M,0,0
HF004,4,"GSWS07",1991,,,,,,M,0,0
HF004,4,"GSWS07",1992,,,,,,M,0,0
HF004,4,"GSWS07",1993,,,,,,M,0,0
HF004,4,"GSWS07",1994,,,,,,M,0,0
HF004,4,"GSWS07",1995,0.201,3.993,0.006,3.382,45.899,E,20,365
HF004,4,"GSWS07",1996,0.286,10.104,0.007,4.824,65.669,A,3,366
HF004,4,"GSWS07",1997,0.283,4.785,0.005,4.764,64.675,E,20,365
HF004,4,"GSWS07",1998,0.169,2.211,0.005,2.846,38.635,E,45,365
HF004,4,"GSWS07",1999,0.248,4.087,0.002,4.176,56.692,A,0,365
HF004,4,"GSWS07",2000,0.179,3.071,0.002,3.010,40.962,A,0,366
HF004,4,"GSWS07",2001,0.068,0.413,0.000,1.146,15.566,A,0,365
HF004,4,"GSWS07",2002,0.191,2.475,0.001,3.220,43.711,A,0,365
HF004,4,"GSWS07",2003,0.147,1.945,0.001,2.479,33.644,A,0,365
HF004,4,"GSWS07",2004,0.152,3.116,0.007,2.562,34.870,A,0,366
HF004,4,"GSWS07",2005,0.098,1.363,0.000,1.645,22.328,A,1,365
HF004,4,"GSWS07",2006,0.191,4.683,0.002,3.217,43.671,A,0,365
HF004,4,"GSWS07",2007,0.161,3.816,0.000,2.709,36.772,A,2,365
HF004,4,"GSWS07",2008,0.203,1.842,0.004,3.421,46.569,A,1,366
HF004,4,"GSWS07",2009,0.152,3.564,0.002,2.561,34.755,E,13,365
HF004,4,"GSWS07",2010,0.144,1.585,0.005,2.419,32.844,A,0,365
HF004,4,"GSWS07",2011,0.199,4.216,0.002,3.349,45.456,A,0,365
HF004,4,"GSWS07",2012,0.192,3.917,0.003,3.234,44.009,A,2,366
HF004,4,"GSWS07",2013,0.150,3.305,0.003,2.529,34.330,A,9,365
HF004,4,"GSWS07",2014,0.156,2.528,0.001,2.624,35.619,A,1,365
HF004,4,"GSWS07",2015,0.102,3.406,0.002,1.719,23.339,A,4,365
HF004,4,"GSWS08",1964,0.275,2.635,0.007,3.318,45.175,E,30,366
HF004,4,"GSWS08",1965,0.377,14.326,0.002,4.551,61.773,E,42,365
HF004,4,"GSWS08",1966,0.212,2.388,0.002,2.560,34.746,A,0,365
HF004,4,"GSWS08",1967,0.257,3.657,0.002,3.099,42.069,A,0,365
HF004,4,"GSWS08",1968,0.239,4.443,0.010,2.890,39.337,A,2,366
HF004,4,"GSWS08",1969,0.374,5.359,0.006,4.516,61.296,E,29,365
HF004,4,"GSWS08",1970,0.276,4.204,0.001,3.332,45.220,A,0,365
HF004,4,"GSWS08",1971,0.420,5.766,0.004,5.072,68.847,A,0,365
HF004,4,"GSWS08",1972,0.456,10.771,0.001,5.507,74.969,E,22,366
HF004,4,"GSWS08",1973,0.164,2.897,0.002,1.980,26.871,E,21,365
HF004,4,"GSWS08",1974,0.513,6.477,0.001,6.200,84.175,A,0,365
HF004,4,"GSWS08",1975,0.325,4.459,0.001,3.919,53.211,A,0,365
HF004,4,"GSWS08",1976,0.354,8.022,0.003,4.278,58.229,E,41,366
HF004,4,"GSWS08",1977,0.101,1.469,0.004,1.219,16.551,A,8,365
HF004,4,"GSWS08",1978,0.325,11.101,0.013,3.925,53.283,A,0,365
HF004,4,"GSWS08",1979,0.250,3.712,0.003,3.024,41.050,A,5,365
HF004,4,"GSWS08",1980,0.230,4.746,0.002,2.780,37.826,E,47,366
HF004,4,"GSWS08",1981,0.263,7.937,0.003,3.178,43.137,E,28,365
HF004,4,"GSWS08",1982,0.386,5.998,0.008,4.658,63.224,E,22,365
HF004,4,"GSWS08",1983,0.353,5.617,0.009,4.267,57.906,A,2,365
HF004,4,"GSWS08",1984,0.355,5.935,0.006,4.282,58.288,E,22,366
HF004,4,"GSWS08",1985,0.265,3.236,0.005,3.195,43.361,A,0,365
HF004,4,"GSWS08",1986,0.269,8.312,0.006,3.249,44.109,E,60,365
HF004,4,"GSWS08",1987,0.200,3.173,0.005,2.415,32.787,E,104,365
HF004,4,"GSWS08",1988,0.191,3.892,0.000,2.310,31.443,A,9,366
HF004,4,"GSWS08",1989,0.266,3.663,0.002,3.208,43.559,A,0,365
HF004,4,"GSWS08",1990,0.212,6.171,0.003,2.556,34.712,A,0,365
HF004,4,"GSWS08",1991,0.210,3.358,0.004,2.534,34.395,A,0,365
HF004,4,"GSWS08",1992,0.148,2.672,0.001,1.793,24.396,A,4,366
HF004,4,"GSWS08",1993,0.290,3.995,0.002,3.505,47.578,A,0,365
HF004,4,"GSWS08",1994,0.124,1.660,0.003,1.497,20.321,A,2,365
HF004,4,"GSWS08",1995,0.277,5.191,0.003,3.347,45.439,A,0,365
HF004,4,"GSWS08",1996,0.413,13.947,0.005,4.981,67.800,A,8,366
HF004,4,"GSWS08",1997,0.433,9.398,0.005,5.227,70.951,A,0,365
HF004,4,"GSWS08",1998,0.237,3.752,0.005,2.865,38.894,A,2,365
HF004,4,"GSWS08",1999,0.372,7.166,0.005,4.493,61.004,A,0,365
HF004,4,"GSWS08",2000,0.278,6.225,0.003,3.352,45.627,A,0,366
HF004,4,"GSWS08",2001,0.101,0.774,0.002,1.223,16.594,E,21,365
HF004,4,"GSWS08",2002,0.298,4.530,0.002,3.602,48.901,A,0,365
HF004,4,"GSWS08",2003,0.228,3.644,0.001,2.750,37.321,A,0,365
HF004,4,"GSWS08",2004,0.237,5.523,0.003,2.858,38.917,A,0,366
HF004,4,"GSWS08",2005,0.157,2.607,0.006,1.897,25.752,A,0,365
HF004,4,"GSWS08",2006,0.308,8.839,0.003,3.725,50.551,A,0,365
HF004,4,"GSWS08",2007,0.262,8.706,0.002,3.169,43.031,A,0,365
HF004,4,"GSWS08",2008,0.337,3.752,0.004,4.069,55.373,E,16,366
HF004,4,"GSWS08",2009,0.250,6.158,0.002,3.022,41.015,A,0,365
HF004,4,"GSWS08",2010,0.226,2.672,0.004,2.727,37.021,A,0,365
HF004,4,"GSWS08",2011,0.333,8.365,0.005,4.026,54.645,A,2,365
HF004,4,"GSWS08",2012,0.325,6.442,0.004,3.925,53.428,A,3,366
HF004,4,"GSWS08",2013,0.261,5.855,0.004,3.150,42.758,A,1,365
HF004,4,"GSWS08",2014,0.269,4.542,0.003,3.253,44.159,A,0,365
HF004,4,"GSWS08",2015,0.174,5.726,0.001,2.101,28.527,A,0,365
HF004,4,"GSWS09",1969,0.140,2.873,0.001,4.248,57.662,E,71,365
HF004,4,"GSWS09",1970,0.101,2.624,0.001,3.066,41.605,E,84,365
HF004,4,"GSWS09",1971,0.142,3.079,0.001,4.298,58.340,E,78,365
HF004,4,"GSWS09",1972,0.189,3.993,0.002,5.747,78.228,E,16,366
HF004,4,"GSWS09",1973,0.061,1.558,0.002,1.860,25.248,A,1,365
HF004,4,"GSWS09",1974,0.198,1.829,0.007,6.013,81.622,A,0,365
HF004,4,"GSWS09",1975,0.139,2.496,0.002,4.226,57.359,E,20,365
HF004,4,"GSWS09",1976,0.159,3.582,0.006,4.817,65.564,E,74,366
HF004,4,"GSWS09",1977,0.036,0.800,0.002,1.080,14.660,E,42,365
HF004,4,"GSWS09",1978,0.124,2.592,0.004,3.770,51.169,A,7,365
HF004,4,"GSWS09",1979,0.110,2.243,0.007,3.339,45.324,E,21,365
HF004,4,"GSWS09",1980,0.108,1.979,0.006,3.271,44.519,E,23,366
HF004,4,"GSWS09",1981,0.100,2.268,0.004,3.032,41.161,A,0,365
HF004,4,"GSWS09",1982,0.181,2.684,0.009,5.489,74.501,E,19,365
HF004,4,"GSWS09",1983,0.151,2.117,0.009,4.591,62.322,A,0,365
HF004,4,"GSWS09",1984,0.171,2.714,0.013,5.199,70.773,A,0,366
HF004,4,"GSWS09",1985,0.123,1.778,0.009,3.720,50.485,A,8,365
HF004,4,"GSWS09",1986,0.125,3.095,0.006,3.791,51.468,A,0,365
HF004,4,"GSWS09",1987,0.093,2.132,0.003,2.820,38.281,E,16,365
HF004,4,"GSWS09",1988,0.092,2.243,0.002,2.788,37.947,E,30,366
HF004,4,"GSWS09",1989,0.135,3.027,0.004,4.084,55.433,A,0,365
HF004,4,"GSWS09",1990,0.096,2.531,0.004,2.920,39.637,A,4,365
HF004,4,"GSWS09",1991,0.102,1.517,0.008,3.094,41.997,E,17,365
HF004,4,"GSWS09",1992,0.081,1.534,0.002,2.471,33.643,A,0,366
HF004,4,"GSWS09",1993,0.147,1.876,0.005,4.463,60.581,A,8,365
HF004,4,"GSWS09",1994,0.067,1.820,0.003,2.018,27.404,E,19,365
HF004,4,"GSWS09",1995,0.131,2.735,0.008,3.981,54.032,A,8,365
HF004,4,"GSWS09",1996,0.179,3.827,0.002,5.428,73.891,A,2,366
HF004,4,"GSWS09",1997,0.180,2.849,0.002,5.452,73.994,A,2,365
HF004,4,"GSWS09",1998,0.091,1.922,0.001,2.745,37.267,A,2,365
HF004,4,"GSWS09",1999,0.148,2.643,0.001,4.502,61.111,A,0,365
HF004,4,"GSWS09",2000,0.119,2.740,0.001,3.619,49.268,E,13,366
HF004,4,"GSWS09",2001,0.034,1.109,0.000,1.031,13.997,A,5,365
HF004,4,"GSWS09",2002,0.115,2.113,0.001,3.479,47.218,A,0,365
HF004,4,"GSWS09",2003,0.098,2.180,0.000,2.969,40.300,A,0,365
HF004,4,"GSWS09",2004,0.110,2.229,0.001,3.340,45.467,A,0,366
HF004,4,"GSWS09",2005,0.053,1.377,0.001,1.611,21.869,A,0,365
HF004,4,"GSWS09",2006,0.131,3.027,0.001,3.980,54.020,A,5,365
HF004,4,"GSWS09",2007,0.107,2.200,0.000,3.245,44.045,A,3,365
HF004,4,"GSWS09",2008,0.133,2.170,0.001,4.038,54.957,A,0,366
HF004,4,"GSWS09",2009,0.105,3.467,0.001,3.193,43.345,A,7,365
HF004,4,"GSWS09",2010,0.086,1.815,0.001,2.620,35.570,A,2,365
HF004,4,"GSWS09",2011,0.140,2.735,0.002,4.239,57.541,A,5,365
HF004,4,"GSWS09",2012,0.125,2.807,0.001,3.802,51.756,E,17,366
HF004,4,"GSWS09",2013,0.104,2.069,0.001,3.163,42.940,E,19,365
HF004,4,"GSWS09",2014,0.106,2.481,0.001,3.211,43.594,A,0,365
HF004,4,"GSWS09",2015,0.075,2.612,0.000,2.276,30.871,E,10,365
HF004,4,"GSWS10",1969,0.193,5.351,0.004,4.883,66.292,A,4,365
HF004,4,"GSWS10",1970,0.153,3.123,0.003,3.859,52.380,E,88,365
HF004,4,"GSWS10",1971,0.195,4.181,0.003,4.939,67.035,E,39,365
HF004,4,"GSWS10",1972,0.258,6.773,0.002,6.529,88.866,E,50,366
HF004,4,"GSWS10",1973,0.091,2.601,0.002,2.309,31.350,A,1,365
HF004,4,"GSWS10",1974,0.262,2.903,0.002,6.616,89.812,A,0,365
HF004,4,"GSWS10",1975,0.172,3.185,0.001,4.364,59.238,A,0,365
HF004,4,"GSWS10",1976,0.222,3.817,0.006,5.611,76.375,E,18,366
HF004,4,"GSWS10",1977,0.082,1.224,0.006,2.070,28.095,E,66,365
HF004,4,"GSWS10",1978,0.209,4.831,0.008,5.296,71.891,A,0,365
HF004,4,"GSWS10",1979,0.156,4.513,0.004,3.947,53.573,A,3,365
HF004,4,"GSWS10",1980,0.149,3.998,0.001,3.769,51.304,A,5,366
HF004,4,"GSWS10",1981,0.156,3.396,0.002,3.937,53.433,A,0,365
HF004,4,"GSWS10",1982,0.238,4.232,0.003,6.021,81.730,A,0,365
HF004,4,"GSWS10",1983,0.221,3.024,0.006,5.586,75.832,A,0,365
HF004,4,"GSWS10",1984,0.232,4.104,0.006,5.880,80.032,A,0,366
HF004,4,"GSWS10",1985,0.161,2.531,0.005,4.060,55.112,A,0,365
HF004,4,"GSWS10",1986,0.187,5.124,0.001,4.725,64.123,E,44,365
HF004,4,"GSWS10",1987,0.135,3.095,0.001,3.415,46.360,E,19,365
HF004,4,"GSWS10",1988,0.133,3.114,0.000,3.353,45.628,A,0,366
HF004,4,"GSWS10",1989,0.171,5.721,0.000,4.324,58.697,E,21,365
HF004,4,"GSWS10",1990,0.138,4.153,0.000,3.503,47.542,A,0,365
HF004,4,"GSWS10",1991,0.136,2.252,0.001,3.437,46.662,A,0,365
HF004,4,"GSWS10",1992,0.105,2.459,0.000,2.648,36.035,A,0,366
HF004,4,"GSWS10",1993,0.196,2.877,0.000,4.965,67.394,A,7,365
HF004,4,"GSWS10",1994,0.088,2.721,0.001,2.224,30.183,A,0,365
HF004,4,"GSWS10",1995,0.183,3.734,0.000,4.624,62.773,A,0,365
HF004,4,"GSWS10",1996,0.269,6.849,0.004,6.796,92.503,A,5,366
HF004,4,"GSWS10",1997,0.271,4.831,0.001,6.859,93.115,A,3,365
HF004,4,"GSWS10",1998,0.144,2.734,0.003,3.652,49.584,E,16,365
HF004,4,"GSWS10",1999,0.231,6.501,0.001,5.845,79.341,A,0,365
HF004,4,"GSWS10",2000,0.180,3.907,0.001,4.549,61.920,A,0,366
HF004,4,"GSWS10",2001,0.063,1.316,0.001,1.593,21.630,A,5,365
HF004,4,"GSWS10",2002,0.170,3.949,0.000,4.308,58.463,A,1,365
HF004,4,"GSWS10",2003,0.147,3.049,0.000,3.713,50.401,A,0,365
HF004,4,"GSWS10",2004,0.147,3.463,0.001,3.729,50.755,A,0,366
HF004,4,"GSWS10",2005,0.100,2.229,0.002,2.523,34.257,E,60,365
HF004,4,"GSWS10",2006,0.183,4.838,0.000,4.624,62.787,A,2,365
HF004,4,"GSWS10",2007,0.158,3.571,0.000,3.991,54.173,A,9,365
HF004,4,"GSWS10",2008,0.178,2.270,0.001,4.502,61.281,A,1,366
HF004,4,"GSWS10",2009,0.157,5.285,0.000,3.966,53.832,A,0,365
HF004,4,"GSWS10",2010,0.135,2.531,0.002,3.419,46.401,A,1,365
HF004,4,"GSWS10",2011,0.201,3.879,0.001,5.097,69.191,A,1,365
HF004,4,"GSWS10",2012,0.181,4.033,0.000,4.571,62.214,A,1,366
HF004,4,"GSWS10",2013,0.142,3.133,0.000,3.592,48.751,A,1,365
HF004,4,"GSWS10",2014,0.152,4.040,0.001,3.841,52.146,A,1,365
HF004,4,"GSWS10",2015,0.104,4.182,0.001,2.640,35.837,E,13,365
HF004,4,"GSWSMA",1980,11.347,208.479,1.198,5.057,68.843,E,28,366
HF004,4,"GSWSMA",1981,11.713,254.263,1.213,5.220,70.868,A,9,365
HF004,4,"GSWSMA",1982,17.377,229.316,1.521,7.744,105.124,E,14,365
HF004,4,"GSWSMA",1983,14.601,147.554,1.521,6.507,88.337,E,24,365
HF004,4,"GSWSMA",1984,16.590,193.716,1.457,7.394,100.635,A,0,366
HF004,4,"GSWSMA",1985,13.081,152.521,1.473,5.830,79.135,A,4,365
HF004,4,"GSWSMA",1986,13.344,299.405,1.257,5.947,80.728,A,0,365
HF004,4,"GSWSMA",1987,8.985,83.808,1.257,4.004,54.354,A,4,365
HF004,4,"GSWSMA",1988,9.805,138.432,0.588,4.370,59.479,A,0,366
HF004,4,"GSWSMA",1989,12.288,135.341,0.545,5.476,74.334,A,0,365
HF004,4,"GSWSMA",1990,10.031,236.093,0.654,4.471,60.686,A,8,365
HF004,4,"GSWSMA",1991,9.426,137.519,0.609,4.201,57.025,E,88,365
HF004,4,"GSWSMA",1992,6.527,139.165,0.504,2.909,39.592,A,0,366
HF004,4,"GSWSMA",1993,13.271,152.714,0.494,5.915,80.287,A,0,365
HF004,4,"GSWSMA",1994,6.934,101.157,0.514,3.090,41.956,A,0,365
HF004,4,"GSWSMA",1995,10.439,168.363,0.408,4.653,63.161,A,4,365
HF004,4,"GSWSMA",1996,15.300,345.843,0.494,6.819,92.818,A,8,366
HF004,4,"GSWSMA",1997,16.609,254.263,0.494,7.402,100.491,A,0,365
HF004,4,"GSWSMA",1998,9.622,185.052,0.577,4.289,58.219,A,0,365
HF004,4,"GSWSMA",1999,14.614,209.850,0.609,6.513,88.412,A,0,365
HF004,4,"GSWSMA",2000,12.099,337.507,0.700,5.392,73.403,A,0,366
HF004,4,"GSWSMA",2001,5.355,53.874,0.417,2.386,32.400,A,0,365
HF004,4,"GSWSMA",2002,11.725,206.886,0.408,5.226,70.930,A,0,365
HF004,4,"GSWSMA",2003,10.269,168.974,0.632,4.577,62.116,A,0,365
HF004,4,"GSWSMA",2004,11.083,159.546,0.654,4.939,67.233,A,0,366
HF004,4,"GSWSMA",2005,7.383,166.135,0.643,3.290,44.673,A,0,365
HF004,4,"GSWSMA",2006,12.238,245.461,0.735,5.454,74.041,A,0,365
HF004,4,"GSWSMA",2007,11.474,245.212,0.609,5.114,69.416,A,0,365
HF004,4,"GSWSMA",2008,14.684,149.263,0.857,6.544,89.079,A,0,366
HF004,4,"GSWSMA",2009,12.530,225.967,0.609,5.584,75.804,A,0,365
HF004,4,"GSWSMA",2010,9.651,110.981,0.032,4.301,58.404,E,45,365
HF004,4,"GSWSMA",2011,13.234,320.589,0.042,5.898,80.082,E,62,365
HF004,4,"GSWSMA",2012,12.945,195.474,0.620,5.769,78.522,A,0,366
HF004,4,"GSWSMA",2013,10.509,192.184,0.599,4.684,63.577,A,0,365
HF004,4,"GSWSMA",2014,12.025,225.967,0.632,5.359,72.748,A,0,365
HF004,4,"GSWSMA",2015,8.008,244.714,0.588,3.569,48.445,A,5,365
HF004,4,"GSWSMC",1996,16.593,345.843,0.688,7.395,102.143,E,13,366
HF004,4,"GSWSMC",1997,16.755,254.264,0.696,7.468,102.944,A,0,365
HF004,4,"GSWSMC",1998,10.172,185.052,0.627,4.533,61.843,A,0,365
HF004,4,"GSWSMC",1999,15.140,209.850,0.640,6.748,91.985,A,0,365
HF004,4,"GSWSMC",2000,12.231,337.507,0.791,5.451,74.573,A,0,366
HF004,4,"GSWSMC",2001,5.578,54.519,0.529,2.486,33.691,A,0,365
HF004,4,"GSWSMC",2002,11.914,206.887,0.619,5.310,72.222,A,0,365
HF004,4,"GSWSMC",2003,10.433,168.975,0.633,4.650,63.272,A,0,365
HF004,4,"GSWSMC",2004,11.212,159.546,0.664,4.997,68.144,A,0,366
HF004,4,"GSWSMC",2005,7.606,166.136,0.664,3.390,46.129,A,0,365
HF004,4,"GSWSMC",2006,12.385,245.466,0.783,5.520,75.172,A,0,365
HF004,4,"GSWSMC",2007,11.517,245.214,0.620,5.133,69.851,A,0,365
HF004,4,"GSWSMC",2008,14.717,151.391,0.940,6.559,89.537,A,2,366
HF004,4,"GSWSMC",2009,12.673,225.969,0.692,5.648,76.872,A,0,365
HF004,4,"GSWSMC",2010,9.999,111.171,0.719,4.457,60.635,E,56,365
HF004,4,"GSWSMC",2011,13.404,320.589,0.754,5.974,81.364,E,149,365
HF004,4,"GSWSMC",2012,12.987,195.474,0.713,5.788,79.509,A,0,366
HF004,4,"GSWSMC",2013,10.340,192.185,0.715,4.609,65.232,A,0,365
HF004,4,"GSWSMC",2014,12.278,225.967,0.763,5.472,74.282,A,0,365
HF004,4,"GSWSMC",2015,8.122,244.715,0.669,3.620,49.135,A,5,365
HF004,4,"GSWSMF",1996,1.530,9.964,0.000,0.682,9.279,A,5,366
HF004,4,"GSWSMF",1997,0.409,5.286,0.000,0.182,2.466,A,0,365
HF004,4,"GSWSMF",1998,0.592,2.267,0.000,0.264,3.577,A,0,365
HF004,4,"GSWSMF",1999,0.598,3.089,0.000,0.266,3.616,A,0,365
HF004,4,"GSWSMF",2000,0.193,3.013,0.000,0.086,1.175,A,0,366
HF004,4,"GSWSMF",2001,0.237,5.135,0.000,0.105,1.433,A,0,365
HF004,4,"GSWSMF",2002,0.212,2.909,0.000,0.095,1.272,A,0,365
HF004,4,"GSWSMF",2003,0.187,5.845,0.000,0.084,1.126,A,0,365
HF004,4,"GSWSMF",2004,0.157,1.767,0.000,0.070,0.947,A,0,366
HF004,4,"GSWSMF",2005,0.243,2.420,0.000,0.108,1.467,A,0,365
HF004,4,"GSWSMF",2006,0.187,1.773,0.001,0.083,1.129,A,0,365
HF004,4,"GSWSMF",2007,0.081,1.604,0.000,0.036,0.487,A,0,365
HF004,4,"GSWSMF",2008,0.066,2.223,0.001,0.029,0.388,A,2,366
HF004,4,"GSWSMF",2009,0.181,1.159,0.000,0.080,1.102,A,0,365
HF004,4,"GSWSMF",2010,0.372,6.299,0.001,0.166,2.241,E,44,365
HF004,4,"GSWSMF",2011,0.215,2.643,0.000,0.096,1.298,E,149,365
HF004,4,"GSWSMF",2012,0.164,2.538,0.000,0.073,0.990,A,0,366
HF004,4,"GSWSMF",2013,0.262,4.206,0.000,0.117,1.590,A,0,365
HF004,4,"GSWSMF",2014,0.253,2.320,0.000,0.113,1.534,A,0,365
HF004,4,"GSWSMF",2015,0.114,1.037,0.000,0.051,0.689,A,3,365
